{"stat.walkOneCm":38701,"stat.leaveGame":8,"stat.mineBlock.minecraft.double_plant":3,"stat.useItem.mcfr_b_i.code_key":22,"stat.useItem.minecraft.potion":1,"stat.useItem.minecraft.bedrock":1,"stat.jump":1081,"stat.swimOneCm":1429,"stat.fallOneCm":33546,"stat.crouchOneCm":55,"stat.pickup.minecraft.dirt":7,"stat.useItem.minecraft.dirt":18,"stat.sprintOneCm":75482,"achievement.exploreAllBiomes":{"value":0,"progress":["Plains"]},"stat.pickup.minecraft.rotten_flesh":5,"achievement.openInventory":25,"stat.useItem.minecraft.egg":6,"stat.damageTaken":330,"stat.mobKills":4,"stat.useItem.minecraft.stonebrick":1,"stat.flyOneCm":272102,"stat.deaths":1,"stat.pickup.minecraft.egg":6,"stat.playOneMinute":22739,"stat.entityKilledBy.Zombie":1,"stat.pickup.mcfr_b_i.code_key":2,"stat.sneakTime":18,"stat.damageDealt":1061,"stat.killEntity.Zombie":4,"stat.timeSinceDeath":5561,"stat.mineBlock.minecraft.dirt":7,"stat.useItem.minecraft.spawn_egg":11,"stat.mineBlock.minecraft.tallgrass":2}